Rank,Name,Matches,Points,Wins,Losses,Buchholz,refined Buchholz
1,Big Vik,2,2,2,0,0.3333333333333333,1.1944444444444444
2,Milos,2,1,1,1,0.75,0.9166666666666666
3,Erich,1,1,1,0,0.5,1.0416666666666665
4,Flipper,1,0,0,1,1.5,0.5416666666666666
5,Binda,2,0,0,2,1.3333333333333333,0.5277777777777778
